2.264,79.787
3.004,81.081
3.74,81.522
4.516,76.923
5.172,91.463
5.892,83.333
6.6,84.746
7.3,85.714
7.996,86.207
8.692,86.207
9.38,87.209
10.068,87.209
10.752,87.719
11.428,88.757
12.108,88.235
15.464,90.361
16.128,90.361
16.8,89.286
17.456,91.463
18.12,90.361
18.78,90.909
19.432,92.025
21.388,93.168
22.036,92.593
22.688,92.025
32.676,98.039
33.276,100
33.884,98.684
34.484,100
35.088,99.338
35.684,100.67
36.276,100.67
36.88,99.338
37.484,99.338
38.088,99.338
38.688,100
39.288,100
39.884,100.67
43.496,110.29
45.14,105.63
45.684,109.49
46.252,105.63
46.808,107.91
49.54,111.11
50.064,114.5
50.604,111.11
51.132,113.64
51.668,111.94
52.2,112.78
52.716,116.28
53.24,114.5
53.772,112.78
55.332,114.5
55.852,115.38
59.488,115.38
60.008,115.38
60.528,115.38
64.164,107.91
68.68,123.97
69.2,115.38
69.708,118.11
70.212,119.05
70.716,119.05
73.212,119.05
75.192,122.95
76.692,121.95
77.196,119.05
79.172,120.97
79.66,122.95
80.16,120
80.66,120
81.156,120.97
88.576,120.97
89.072,120.97
89.56,122.95
90.048,122.95
90.548,120
92.5,122.95
92.992,120.97
93.476,123.97
93.968,121.95
94.464,120.97
94.956,121.95
96.932,120.97
97.404,127.12
98.44,121.95
99.368,120.97
102.83,121.95
105.28,121.95
105.76,122.95
106.25,122.95
106.74,122.95
107.22,122.95
107.71,122.95
108.18,127.12
111.63,120.97
112.12,121.95
112.6,123.97
113.1,120.97
113.59,121.95
114.09,120.97
115.56,122.95
116.06,121.95
118.04,120.97
118.54,121.95
119.04,119.05
119.53,121.95
120.03,120
120.53,120.97
121.03,120
121.52,121.95
122.01,121.95
122.51,120.97
123.01,120
123.49,122.95
124.98,120.97
125.47,120.97
125.96,122.95
126.46,120.97
126.95,121.95
127.45,120
127.94,121.95
128.43,121.95
128.92,120.97
129.42,120.97
129.91,121.95
130.4,121.95
130.9,120.97
131.4,120
131.9,120.97
132.39,121.95
132.89,120
133.38,120.97
133.88,120.97
134.38,120
134.87,120.97
135.37,120
135.88,119.05
136.37,120.97
136.87,120
137.38,119.05
137.88,120
138.38,118.11
138.88,120
139.39,118.11
139.9,118.11
140.4,118.11
140.91,118.11
141.43,116.28
141.94,118.11
142.46,115.38
142.96,118.11
143.48,116.28
143.99,117.19
144.51,116.28
145.02,117.19
145.53,117.19
146.04,116.28
146.56,117.19
147.07,117.19
147.58,116.28
148.1,117.19
148.61,117.19
149.12,118.11
149.63,116.28
150.14,117.19
150.65,118.11
151.16,116.28
151.68,116.28
152.19,117.19
152.7,118.11
153.22,116.28
153.73,117.19
154.24,117.19
154.75,116.28
155.26,118.11
155.77,118.11
156.28,117.19
156.8,116.28
157.31,117.19
157.82,117.19
158.34,116.28
158.85,116.28
159.36,117.19
159.88,115.38
160.4,116.28
160.91,116.28
161.42,117.19
161.94,117.19
162.45,116.28
162.96,117.19
163.48,117.19
163.99,117.19
164.5,117.19
165,118.11
165.52,117.19
166.03,117.19
166.53,119.05
167.04,118.11
167.54,119.05
168.05,118.11
168.55,120
169.06,118.11
169.56,119.05
170.06,120
170.56,119.05
171.07,118.11
171.58,118.11
172.09,118.11
172.59,119.05
173.11,116.28
173.62,118.11
174.12,117.19
174.64,116.28
175.15,117.19
175.67,115.38
176.18,117.19
176.7,115.38
177.22,117.19
177.73,116.28
178.76,106.38
179.29,113.64
179.8,116.28
180.32,115.38
180.84,115.38
181.36,115.38
181.88,115.38
182.39,119.05
182.91,115.38
183.42,117.19
183.94,115.38
184.44,118.11
184.96,116.28
185.47,117.19
185.98,119.05
186.49,117.19
187,117.19
187.5,119.05
188,119.05
188.51,118.11
189.02,119.05
189.52,119.05
190.02,119.05
190.53,119.05
191.03,119.05
191.54,119.05
192.04,119.05
192.54,120
193.04,120
193.54,120
194.04,120
194.54,120
195.04,120
195.54,120
196.04,120
196.53,120
197.03,120
197.53,120.97
198.03,119.05
198.53,120.97
199.03,120
199.53,120
200.03,120
200.52,121.95
201.02,120
201.52,120
202.01,120.97
202.5,121.95
202.98,125
203.48,120
203.98,120
204.48,120
204.97,122.95
205.46,120.97
205.96,120
206.46,120
206.96,120.97
207.46,120.97
207.95,120.97
208.45,120
208.94,121.95
209.44,120.97
209.93,120.97
210.43,120.97
210.92,122.95
211.39,127.12
211.9,117.19
212.4,120.97
212.88,123.97
213.37,121.95
213.86,122.95
214.35,121.95
214.83,123.97
215.32,122.95
215.81,121.95
216.3,123.97
216.78,122.95
217.27,122.95
217.76,122.95
218.24,123.97
218.72,123.97
219.21,122.95
219.7,123.97
220.18,122.95
220.66,125
221.15,122.95
221.64,123.97
222.12,123.97
222.6,125
223.08,122.95
223.57,123.97
224.05,123.97
224.53,125
225.02,123.97
225.5,122.95
225.99,123.97
226.46,125
226.95,122.95
227.44,123.97
227.92,123.97
228.4,125
228.89,122.95
229.37,123.97
229.86,122.95
230.34,123.97
230.82,123.97
231.31,123.97
231.8,122.95
232.28,125
232.77,121.95
233.25,123.97
233.74,122.95
234.23,122.95
234.71,122.95
235.21,120
235.71,120.97
236.2,121.95
236.7,120
237.2,120
237.7,119.05
238.21,119.05
238.7,120.97
239.2,120.97
239.7,120
240.19,120.97
240.69,120.97
241.18,120.97
241.67,122.95
242.17,120.97
242.66,120
243.16,120
243.66,121.95
244.16,120
244.66,120
245.15,120.97
245.65,120.97
246.14,120.97
246.64,120
247.13,121.95
247.62,121.95
248.12,120.97
248.61,122.95
249.1,120.97
249.59,122.95
250.08,121.95
250.57,121.95
251.06,122.95
251.55,122.95
252.04,121.95
252.53,121.95
253.02,123.97
253.51,121.95
254,121.95
254.48,122.95
254.98,121.95
255.47,121.95
255.96,122.95
256.44,122.95
256.94,121.95
257.43,121.95
257.91,122.95
258.4,122.95
258.89,122.95
259.38,120.97
259.87,123.97
260.36,121.95
260.86,120
261.35,121.95
261.84,122.95
262.33,121.95
262.82,120.97
263.32,121.95
263.81,121.95
264.3,122.95
264.79,121.95
265.28,122.95
265.76,123.97
266.25,121.95
266.74,122.95
267.22,122.95
267.71,123.97
268.2,122.95
268.68,122.95
269.16,123.97
269.65,122.95
270.14,121.95
271.11,113.64
271.6,121.95
272.09,122.95
272.58,122.95
273.06,125
273.54,123.97
274.03,122.95
274.51,123.97
274.99,125
275.48,122.95
275.97,122.95
276.46,121.95
276.94,123.97
277.44,120.97
277.93,121.95
278.42,120.97
278.92,121.95
279.41,120.97
279.91,120
280.4,121.95
280.89,121.95
281.39,120.97
281.88,120.97
282.38,121.95
282.87,121.95
283.36,120.97
283.85,121.95
284.34,121.95
284.84,121.95
285.33,120.97
285.82,122.95
286.31,121.95
286.8,121.95
287.3,121.95
287.78,122.95
288.28,120.97
288.76,122.95
289.26,120.97
289.75,122.95
290.24,121.95
290.73,121.95
291.22,121.95
291.71,121.95
292.21,120.97
292.7,120.97
293.2,121.95
293.69,120.97
294.18,121.95
294.68,120.97
295.17,120.97
295.67,120.97
296.16,120.97
296.66,121.95
297.15,120.97
297.65,120.97
298.14,120
298.64,121.95
299.14,120
299.63,120.97
300.14,119.05
300.64,120
301.14,120
301.64,119.05
302.14,119.05
302.64,120
303.14,119.05
303.65,119.05
304.15,119.05
304.66,119.05
305.16,118.11
305.67,118.11
306.18,118.11
306.68,119.05
307.18,119.05
307.69,118.11
308.2,119.05
308.7,119.05
309.2,119.05
309.71,118.11
310.21,120
310.71,120
311.22,118.11
311.72,120
312.21,120
312.72,119.05
313.21,120.97
313.71,120
314.21,120
314.71,120
315.21,120
315.7,120.97
316.2,120.97
316.7,120.97
317.2,119.05
317.69,121.95
318.19,120.97
318.69,120
319.18,120.97
319.68,120.97
320.18,120
320.67,120.97
321.17,120.97
321.66,120.97
322.16,120.97
322.65,120.97
323.14,121.95
323.64,120.97
324.13,122.95
324.62,120.97
325.12,120
325.62,121.95
326.1,121.95
326.6,120
327.1,120.97
327.6,120.97
328.1,120
328.6,119.05
329.1,120
329.6,119.05
330.1,119.05
330.61,119.05
331.11,119.05
331.62,119.05
332.12,119.05
332.63,118.11
333.13,119.05
333.63,119.05
334.14,118.11
334.64,119.05
335.15,118.11
335.66,119.05
336.16,118.11
336.67,118.11
337.17,119.05
337.68,119.05
338.18,118.11
338.68,120
339.19,119.05
339.69,119.05
340.19,119.05
340.69,120
341.2,119.05
341.7,118.11
342.2,120
342.71,118.11
343.21,119.05
343.71,120
344.22,119.05
344.72,119.05
345.22,120.97
345.72,119.05
346.22,120
346.72,120
347.22,119.05
347.72,120.97
348.22,120
348.71,120.97
349.21,120
349.7,120.97
350.2,121.95
350.7,120
351.2,120
351.7,119.05
352.2,119.05
352.7,119.05
353.21,118.11
353.72,118.11
354.23,118.11
354.73,119.05
355.24,118.11
355.75,118.11
356.25,119.05
356.75,119.05
357.26,119.05
357.76,120
358.26,120
358.76,120
359.25,120
359.75,120
360.25,120.97
360.74,120.97
361.24,120
361.74,120.97
362.24,120.97
362.72,121.95
363.22,121.95
363.71,120.97
364.2,121.95
364.7,121.95
365.19,120.97
365.68,122.95
366.17,121.95
366.66,120.97
367.15,123.97
367.64,122.95
368.13,121.95
368.62,122.95
369.1,121.95
369.59,122.95
370.08,122.95
370.57,122.95
371.06,121.95
371.55,122.95
372.04,121.95
372.53,121.95
373.02,122.95
373.51,121.95
374,121.95
374.5,120.97
374.99,121.95
375.48,120.97
375.98,120.97
376.47,120.97
376.97,120.97
377.47,120
377.96,120.97
378.46,120
378.96,120.97
379.45,120.97
379.96,119.05
380.45,120.97
380.95,120
381.45,120
381.95,120
382.45,120
382.95,120
383.45,120
383.95,119.05
384.45,120.97
384.94,120.97
385.44,120
385.94,120
386.44,120.97
386.94,120
387.44,120
387.94,120
388.44,119.05
388.94,119.05
389.44,119.05
389.94,120
390.45,118.11
390.96,118.11
391.46,118.11
391.96,120
392.47,118.11
392.98,118.11
393.48,120
393.99,118.11
394.49,118.11
395,119.05
395.5,119.05
396.01,118.11
396.52,118.11
397.02,120
397.52,118.11
398.03,118.11
398.53,119.05
399.04,118.11
399.55,118.11
400.06,118.11
400.56,119.05
401.06,119.05
401.57,117.19
402.08,119.05
402.58,118.11
403.09,119.05
403.59,119.05
404.09,120
404.59,119.05
405.1,119.05
405.6,120
406.09,120.97
406.6,119.05
407.1,119.05
407.59,120.97
408.1,119.05
408.6,120
409.1,120
409.6,120
410.1,119.05
410.6,120
411.09,120.97
411.59,120
412.1,119.05
412.59,120.97
413.09,120.97
413.58,120
414.08,120
414.58,120
415.08,120
415.58,120
416.09,119.05
416.58,121.95
417.08,119.05
417.58,120
418.08,119.05
418.58,120
419.08,120
419.58,120
420.08,120
420.58,120
421.07,121.95
421.57,120
422.07,120
422.57,119.05
423.07,120.97
423.57,120
424.07,119.05
424.57,120
425.07,120
425.57,119.05
426.08,119.05
426.58,119.05
427.08,120
427.59,118.11
428.09,119.05
428.6,119.05
429.1,119.05
429.6,119.05
430.11,118.11
430.61,119.05
431.12,118.11
431.63,117.19
432.14,118.11
432.64,119.05
433.15,118.11
433.66,117.19
434.16,119.05
434.68,117.19
435.18,118.11
435.69,118.11
436.2,118.11
436.7,118.11
437.22,117.19
437.72,120
438.22,118.11
438.72,119.05
439.23,118.11
439.73,120
440.24,119.05
440.74,119.05
441.24,120
441.74,119.05
442.24,119.05
442.74,120
443.24,120
443.74,120
444.24,119.05
444.74,120
445.24,120.97
445.74,119.05
446.24,120
446.74,120.97
447.24,119.05
447.74,120
448.24,120
448.74,120
449.24,120
449.74,119.05
450.24,120
450.74,120
451.24,119.05
451.74,120
452.24,120
452.74,120
453.24,120
453.74,119.05
454.24,121.95
454.74,119.05
455.24,120
455.74,120.97
456.23,120.97
456.73,120
457.22,120.97
457.72,120.97
458.22,120.97
458.72,120
459.21,120.97
459.7,121.95
460.2,120
460.69,121.95
461.19,120.97
461.68,121.95
462.17,120.97
462.67,120.97
463.16,121.95
463.66,120.97
464.16,120
464.65,121.95
465.14,120
465.64,120.97
466.14,120
466.64,120
467.14,120.97
467.63,120.97
468.13,119.05
468.62,121.95
469.12,120
469.62,120
470.12,120
471.12,120.97
471.62,120
472.12,120
472.62,120
473.12,120
473.62,120
474.1,121.95
474.6,120.97
475.1,120.97
475.59,120.97
476.09,120.97
476.58,122.95
477.06,121.95
477.56,121.95
478.04,122.95
478.55,119.05
479.05,120
479.54,120.97
480.04,119.05
480.55,118.11
481.06,117.19
481.57,119.05
482.07,120
482.57,119.05
483.07,119.05
483.57,120.97
484.07,120
484.56,120.97
485.06,120
485.56,120.97
486.05,120.97
486.55,120.97
487.04,120.97
487.54,120.97
488.04,120
488.53,121.95
489.03,120
489.52,121.95
490.01,121.95
490.51,120
491.01,120.97
491.5,120.97
492,120.97
492.5,120
492.99,120.97
493.49,120.97
493.98,120.97
494.48,120
494.98,120.97
495.48,120
495.98,120
496.48,120
496.98,120
497.47,120.97
497.97,119.05
498.47,120.97
498.96,120.97
499.46,120
499.96,120
500.45,121.95
500.95,120.97
501.44,120.97
501.94,121.95
502.43,121.95
502.92,120.97
503.41,121.95
503.9,121.95
504.4,121.95
504.89,121.95
505.38,120.97
505.87,121.95
506.37,120.97
506.87,120
507.36,121.95
507.86,120.97
508.36,120
508.85,120
509.35,120
509.85,120.97
510.35,120
510.85,120
511.34,120.97
511.84,120
512.34,120
512.84,120
513.34,120.97
513.84,120
514.33,120.97
514.83,120
515.32,121.95
515.82,120
516.32,120.97
516.82,120
517.31,120.97
517.81,120
518.31,119.05
518.8,121.95
519.31,119.05
519.81,120
520.3,120.97
520.8,119.05
521.3,120.97
521.8,120
522.3,119.05
522.8,120
523.3,120
523.8,119.05
524.3,120
524.8,120
525.31,118.11
525.81,120
526.31,120
526.81,119.05
527.32,119.05
527.82,120
528.32,119.05
528.82,120
529.32,118.11
529.83,119.05
530.33,120
530.83,120
531.33,118.11
531.83,120
532.33,120.97
532.83,119.05
533.34,118.11
533.84,118.11
534.35,119.05
534.86,117.19
535.37,117.19
535.88,118.11
536.39,117.19
536.9,117.19
537.41,118.11
537.92,118.11
538.43,117.19
538.94,118.11
539.44,117.19
539.95,119.05
540.46,118.11
540.96,118.11
541.47,119.05
541.97,119.05
542.48,118.11
542.98,120
543.48,118.11
543.99,119.05
544.5,118.11
545,119.05
545.5,119.05
546.01,117.19
546.52,119.05
547.02,118.11
547.53,118.11
548.03,119.05
548.54,118.11
549.05,117.19
549.56,118.11
550.06,120
550.57,117.19
551.08,117.19
551.58,119.05
552.09,119.05
552.6,117.19
553.11,118.11
553.61,119.05
554.12,118.11
554.62,119.05
555.13,118.11
555.64,118.11
556.14,119.05
556.65,116.28
557.17,115.38
557.69,116.28
558.22,113.64
558.73,115.38
559.26,113.64
559.79,112.78
560.32,114.5
560.84,113.64
561.36,114.5
561.88,117.19
562.39,116.28
562.91,116.28
563.42,118.11
563.92,118.11
564.43,117.19
564.94,117.19
565.45,118.11
565.96,119.05
566.47,117.19
566.97,118.11
567.48,119.05
567.98,119.05
568.48,120
568.99,118.11
569.48,120
569.98,120.97
570.48,120.97
570.97,120.97
571.46,121.95
571.95,122.95
572.44,122.95
572.93,121.95
573.42,121.95
573.91,121.95
574.4,121.95
574.89,122.95
575.38,120.97
575.87,122.95
576.37,120.97
576.86,121.95
577.35,122.95
577.83,122.95
578.32,121.95
578.82,121.95
579.3,123.97
579.79,122.95
580.28,121.95
580.76,123.97
581.24,123.97
581.73,122.95
582.22,123.97
582.7,123.97
583.18,123.97
583.66,125
584.14,123.97
584.62,125
585.11,123.97
585.58,127.12
586.06,122.95
586.54,125
587.02,125
587.5,125
587.98,125
588.46,126.05
588.93,126.05
589.41,126.05
589.89,125
590.36,126.05
590.84,126.05
591.32,125
591.8,125
592.28,125
592.76,125
593.24,123.97
593.72,123.97
594.21,122.95
594.69,123.97
595.18,123.97
595.67,121.95
596.15,123.97
596.63,123.97
597.12,122.95
597.61,122.95
598.09,125
598.57,122.95
599.06,123.97
599.54,123.97
600.02,125
600.5,123.97
600.99,122.95
601.47,125
601.95,123.97
602.44,123.97
602.92,125
603.4,125
603.88,122.95
604.36,125
604.84,123.97
605.32,125
605.81,123.97
606.29,123.97
606.77,123.97
607.25,125
607.74,123.97
608.22,123.97
608.7,123.97
609.18,125
609.66,123.97
610.15,123.97
610.63,125
611.11,123.97
611.59,123.97
612.08,123.97
612.56,123.97
613.04,125
613.53,122.95
614.01,123.97
614.49,123.97
614.98,122.95
615.46,123.97
615.95,123.97
616.44,122.95
616.92,122.95
617.4,123.97
617.9,121.95
618.38,122.95
618.87,122.95
619.36,122.95
619.81,131.58
620.33,115.38
620.82,121.95
621.31,123.97
621.8,122.95
622.28,121.95
622.78,120.97
623.26,123.97
623.75,122.95
624.24,121.95
624.73,122.95
625.21,123.97
625.71,120.97
626.2,121.95
626.69,122.95
627.18,122.95
627.67,120.97
628.16,122.95
628.65,121.95
629.14,120.97
629.64,120.97
630.13,121.95
630.62,121.95
631.12,120.97
631.6,122.95
632.1,121.95
632.58,122.95
633.07,122.95
633.56,121.95
634.05,122.95
634.54,122.95
635.02,123.97
635.5,125
635.98,123.97
636.47,121.95
636.96,121.95
637.45,122.95
637.94,120.97
638.44,121.95
638.93,121.95
639.42,120.97
639.92,121.95
640.4,121.95
640.9,120.97
641.39,122.95
641.88,121.95
642.37,121.95
642.86,122.95
643.34,123.97
643.83,122.95
644.32,121.95
644.8,123.97
645.28,123.97
645.77,122.95
646.26,122.95
646.74,123.97
647.23,123.97
647.72,122.95
648.19,125
648.68,123.97
649.16,122.95
649.65,123.97
650.13,123.97
650.61,123.97
651.1,122.95
651.58,123.97
652.07,123.97
652.55,123.97
653.03,123.97
653.52,122.95
654,123.97
654.49,123.97
654.98,122.95
655.46,122.95
655.94,123.97
656.43,123.97
656.92,121.95
657.41,122.95
657.89,125
658.37,122.95
658.86,122.95
659.34,123.97
659.82,125
660.31,122.95
660.79,123.97
661.28,122.95
661.76,123.97
662.25,123.97
662.74,122.95
663.22,123.97
663.7,122.95
664.19,122.95
664.68,121.95
665.17,123.97
665.66,121.95
666.14,122.95
666.64,121.95
667.12,122.95
667.62,121.95
668.11,121.95
668.59,122.95
669.09,120.97
669.58,121.95
670.07,122.95
670.56,121.95
671.05,121.95
671.54,121.95
672.04,120.97
672.53,121.95
673.02,121.95
673.52,120
674.01,121.95
674.5,120.97
675,120
675.5,121.95
675.98,121.95
676.48,120
676.98,121.95
677.47,121.95
677.96,120.97
678.46,120.97
678.95,121.95
679.44,120.97
679.94,120.97
680.43,122.95
680.92,121.95
681.4,122.95
681.9,121.95
682.39,121.95
682.87,123.97
683.36,121.95
683.85,121.95
684.34,123.97
684.83,121.95
685.32,121.95
685.81,121.95
686.3,122.95
686.79,121.95
687.28,121.95
687.77,122.95
688.26,121.95
688.74,122.95
689.23,122.95
689.72,121.95
690.21,122.95
690.7,121.95
691.19,122.95
691.68,122.95
692.16,122.95
692.65,122.95
693.14,123.97
693.62,122.95
694.11,121.95
694.6,123.97
695.08,123.97
695.57,122.95
696.05,123.97
696.54,122.95
697.02,122.95
697.51,122.95
698,123.97
698.48,122.95
698.96,123.97
699.45,122.95
699.94,122.95
700.43,122.95
700.9,126.05
701.39,122.95
701.88,122.95
702.37,121.95
702.85,123.97
703.34,121.95
703.84,120.97
704.33,121.95
704.82,120.97
705.32,120.97
705.81,121.95
706.3,120.97
706.8,120.97
707.29,121.95
707.78,121.95
708.28,121.95
708.76,121.95
709.25,123.97
709.74,120.97
710.24,121.95
710.73,121.95
711.22,121.95
711.7,123.97
712.19,122.95
712.68,122.95
713.16,125
713.63,125
714.12,122.95
714.6,125
715.08,126.05
715.56,123.97
716.04,122.95
716.53,123.97
717.01,125
717.5,121.95
717.99,122.95
718.47,122.95
718.96,122.95
719.45,121.95
719.94,121.95
720.43,123.97
720.92,121.95
721.4,122.95
721.89,122.95
722.38,122.95
722.87,122.95
723.36,122.95
723.84,121.95
724.33,123.97
724.81,123.97
725.3,121.95
725.79,122.95
726.27,123.97
726.76,121.95
727.25,122.95
727.74,123.97
728.23,121.95
728.71,122.95
729.2,122.95
729.69,122.95
730.18,122.95
730.67,121.95
731.16,121.95
731.64,122.95
732.13,122.95
732.63,120.97
733.12,122.95
733.6,122.95
734.1,120.97
734.59,121.95
735.07,123.97
735.57,120.97
736.06,121.95
736.54,122.95
737.04,121.95
737.52,122.95
738.02,121.95
738.5,121.95
739,120.97
739.49,121.95
739.99,120.97
740.48,120.97
740.97,121.95
741.47,120
741.97,120.97
742.46,120.97
742.96,120
743.46,120.97
743.95,121.95
744.45,120
744.94,120.97
745.44,120.97
745.93,120.97
746.43,120.97
746.92,120.97
747.42,120.97
747.92,120.97
748.41,121.95
748.9,120.97
749.4,120.97
749.89,120.97
750.39,120.97
750.88,121.95
751.37,120.97
751.87,120.97
752.36,121.95
752.86,120.97
753.35,120.97
753.84,122.95
754.33,120.97
754.83,120.97
755.32,122.95
755.81,120.97
756.3,122.95
756.79,121.95
757.28,121.95
757.77,121.95
758.26,123.97
758.74,123.97
759.23,121.95
759.72,122.95
760.21,121.95
760.7,121.95
761.19,120.97
761.68,121.95
762.18,121.95
762.67,121.95
763.16,120.97
763.65,121.95
764.14,121.95
764.64,121.95
765.13,121.95
765.62,122.95
766.1,121.95
766.59,122.95
767.08,122.95
767.57,121.95
768.06,122.95
768.55,121.95
769.03,123.97
769.52,122.95
770.01,122.95
770.49,123.97
770.98,121.95
771.46,125
771.95,122.95
772.44,121.95
772.92,123.97
773.4,123.97
773.9,121.95
774.38,122.95
774.88,121.95
775.36,122.95
775.85,122.95
776.34,122.95
776.82,122.95
777.32,121.95
777.8,122.95
778.29,121.95
778.78,122.95
779.26,123.97
779.75,122.95
780.24,121.95
780.73,122.95
781.21,123.97
781.7,123.97
782.19,121.95
782.68,122.95
783.17,120.97
783.66,121.95
784.16,120.97
784.65,120.97
785.15,120
785.65,120.97
786.14,120.97
786.64,119.05
787.14,120.97
787.63,121.95
788.13,120
788.62,120.97
789.12,120
789.62,120.97
790.12,120.97
790.61,120.97
791.11,120
791.6,120.97
792.1,120.97
792.6,120
793.1,120.97
793.58,121.95
794.09,119.05
794.58,120.97
795.08,121.95
795.57,120
796.07,120
796.57,120.97
797.08,117.19
797.58,120.97
798.07,120.97
798.57,120
799.07,120
799.56,120.97
800.06,120.97
800.55,120.97
801.04,121.95
801.54,120
802.04,120.97
802.53,121.95
803.02,121.95
803.52,120.97
804.01,120.97
804.51,120.97
805.01,120
805.5,120
806,120
806.5,120.97
807,120
807.5,120
808,119.05
808.5,119.05
809.01,119.05
809.51,119.05
810.01,120
810.52,118.11
811.02,118.11
811.53,119.05
812.03,120
812.53,120
813.03,119.05
813.53,119.05
814.03,120
814.53,120
815.04,119.05
815.54,119.05
816.04,120
816.54,119.05
817.04,119.05
817.55,118.11
818.05,120
818.56,118.11
819.06,118.11
819.57,118.11
821.08,115.38
821.58,120
822.09,117.19
822.6,118.11
823.1,119.05
823.6,119.05
824.11,118.11
824.62,118.11
825.12,118.11
825.63,119.05
826.14,117.19
826.65,117.19
827.16,119.05
827.66,117.19
828.18,117.19
828.68,118.11
829.2,116.28
829.71,117.19
830.22,118.11
830.74,115.38
831.24,118.11
831.76,117.19
832.27,116.28
832.78,118.11
833.29,117.19
833.8,116.28
834.32,117.19
834.83,116.28
835.34,118.11
835.85,116.28
836.37,116.28
836.88,118.11
837.39,116.28
837.9,117.19
838.41,117.19
838.92,117.19
839.44,117.19
839.94,117.19
840.46,117.19
840.96,118.11
841.48,117.19
841.99,117.19
842.49,119.05
843,117.19
843.51,117.19
844.02,119.05
844.52,118.11
845.02,119.05
845.53,118.11
846.04,118.11
846.54,119.05
847.05,119.05
847.56,117.19
848.06,119.05
848.56,119.05
849.07,118.11
849.58,119.05
850.07,120
850.58,119.05
851.08,119.05
851.58,120
852.08,119.05
852.58,119.05
853.08,120
853.58,120
854.09,119.05
854.58,120
855.09,118.11
855.6,119.05
856.1,120
856.6,120
857.09,120
857.59,120
858.09,120.97
858.59,120
859.09,119.05
859.6,118.11
860.1,120
860.6,119.05
861.11,118.11
861.62,118.11
862.11,120
862.62,118.11
863.13,117.19
863.64,119.05
864.14,120
864.64,118.11
865.14,119.05
865.65,118.11
866.15,120
866.66,119.05
867.15,120
867.66,119.05
868.15,121.95
868.65,119.05
869.15,120
869.64,120.97
870.14,120.97
870.64,120
871.14,120.97
871.63,120.97
872.13,120
872.62,120.97
873.12,120.97
873.62,120.97
874.11,120
874.61,120
875.11,120
875.61,120.97
876.11,120
876.6,120
877.1,120
877.6,120
878.1,120
878.6,120
879.1,120.97
879.6,120
880.1,120
880.6,120
881.09,120.97
881.59,119.05
882.09,120
882.59,120.97
883.09,119.05
883.6,119.05
884.09,120
884.6,119.05
885.1,119.05
885.61,118.11
886.11,119.05
886.61,119.05
887.12,118.11
887.63,118.11
888.14,118.11
888.64,119.05
889.14,118.11
889.66,117.19
890.16,120
890.67,117.19
891.18,118.11
891.68,118.11
892.18,119.05
892.69,118.11
893.2,118.11
893.7,119.05
894.2,119.05
894.71,118.11
895.22,118.11
895.72,120
896.22,119.05
896.73,118.11
897.23,120
897.73,119.05
898.24,119.05
898.74,118.11
899.24,120
899.74,119.05
900.25,118.11
900.75,120
901.26,118.11
901.76,119.05
902.26,119.05
902.77,119.05
903.28,118.11
903.78,119.05
904.28,120
904.78,118.11
905.29,119.05
905.79,119.05
906.29,119.05
906.8,119.05
907.3,120
907.8,119.05
908.3,120
908.8,120
909.29,121.95
909.79,120
910.29,119.05
910.8,119.05
911.3,119.05
911.8,118.11
912.32,117.19
912.82,118.11
913.34,117.19
913.84,117.19
914.36,117.19
914.87,117.19
915.38,118.11
915.88,117.19
916.4,117.19
916.9,118.11
917.41,118.11
917.92,117.19
918.43,118.11
918.93,119.05
919.44,117.19
919.95,118.11
920.46,117.19
920.97,118.11
921.48,118.11
921.99,117.19
922.5,117.19
923.01,118.11
923.52,117.19
924.03,116.28
924.54,118.11
925.05,117.19
925.57,116.28
926.08,117.19
926.58,118.11
927.1,117.19
927.61,117.19
928.12,116.28
928.63,117.19
929.14,117.19
929.66,115.38
930.18,116.28
930.68,118.11
931.2,116.28
931.72,115.38
932.23,117.19
932.74,117.19
933.25,117.19
933.77,115.38
934.28,118.11
934.8,116.28
935.31,116.28
935.82,117.19
936.33,117.19
936.84,117.19
937.36,116.28
937.87,117.19
938.38,116.28
938.9,117.19
939.41,116.28
939.92,117.19
940.44,116.28
940.95,116.28
941.46,118.11
941.98,116.28
942.49,116.28
943,117.19
943.52,116.28
944.03,116.28
944.54,117.19
945.06,116.28
945.57,117.19
946.08,116.28
946.6,117.19
947.11,117.19
947.62,116.28
948.13,117.19
948.64,119.05
949.15,116.28
949.66,117.19
950.18,116.28
950.68,118.11
951.2,116.28
951.72,115.38
952.24,115.38
952.75,116.28
953.27,115.38
953.79,115.38
954.31,116.28
954.82,116.28
955.34,115.38
955.86,115.38
956.38,116.28
956.89,116.28
957.41,115.38
957.92,116.28
958.44,116.28
958.96,114.5
959.48,115.38
960,116.28
960.52,115.38
961.04,114.5
961.56,115.38
962.08,116.28
962.6,114.5
963.12,115.38
963.64,115.38
964.16,115.38
964.68,115.38
965.2,114.5
965.71,116.28
966.23,115.38
966.76,114.5
967.27,115.38
967.79,115.38
968.31,115.38
968.83,115.38
969.35,115.38
969.87,115.38
970.39,115.38
970.91,115.38
971.43,115.38
971.96,113.64
972.47,116.28
973,113.64
973.52,114.5
974.04,114.5
974.56,114.5
975.09,113.64
975.62,112.78
976.14,115.38
976.68,112.78
977.2,112.78
977.73,114.5
978.26,113.64
978.78,113.64
979.31,112.78
979.83,115.38
980.36,112.78
980.89,113.64
981.42,114.5
981.94,114.5
982.46,114.5
982.98,114.5
983.5,115.38
984.02,114.5
984.54,115.38
985.06,116.28
985.58,115.38
986.1,115.38
986.62,114.5
987.13,117.19
987.65,116.28
988.16,117.19
988.67,117.19
989.19,115.38
989.7,118.11
990.21,116.28
990.73,116.28
991.23,118.11
991.74,117.19
992.26,116.28
992.78,115.38
993.3,116.28
993.8,117.19
994.32,115.38
994.84,116.28
995.36,116.28
995.87,116.28
996.38,116.28
996.9,115.38
997.43,114.5
997.95,114.5
998.48,113.64
999,115.38
999.52,113.64
1000.1,113.64
1000.6,114.5
1001.1,113.64
1001.6,117.19
1002.1,114.5
1002.7,115.38
1003.2,116.28
1003.7,116.28
1004.2,116.28
1004.7,115.38
1005.2,117.19
1005.7,116.28
1006.3,114.5
1006.8,117.19
1007.3,116.28
1007.8,116.28
1008.3,116.28
1008.8,115.38
1009.4,117.19
1009.9,115.38
1010.4,116.28
1010.9,117.19
1011.4,116.28
1011.9,117.19
1012.4,116.28
1013,115.38
1013.5,117.19
1014,115.38
1014.5,116.28
1015,114.5
1015.5,115.38
1016.1,116.28
1016.6,113.64
1017.1,117.19
1017.6,116.28
1018.1,116.28
1018.6,116.28
1019.2,117.19
1019.7,117.19
1020.2,117.19
1020.7,115.38
1021.2,117.19
1021.7,117.19
1022.2,116.28
1022.8,116.28
1023.3,117.19
1023.8,115.38
1024.3,115.38
1024.8,116.28
1025.3,117.19
1025.8,115.38
1026.4,116.28
1026.9,117.19
1027.4,116.28
1027.9,116.28
1028.4,117.19
1028.9,116.28
1029.4,116.28
1030,116.28
1030.5,117.19
1031,114.5
1031.5,117.19
1032,118.11
1032.5,117.19
1033,118.11
1033.5,119.05
1034,120
1034.5,117.19
1035.1,118.11
1035.6,119.05
1036.1,117.19
1036.6,119.05
1037.1,119.05
1037.6,119.05
1038.1,117.19
1038.6,119.05
1039.1,119.05
1039.6,119.05
1040.1,119.05
1040.6,120
1041.1,119.05
1041.6,119.05
1042.1,120
1042.6,120
1043.1,119.05
1043.6,119.05
1044.1,120
1044.6,118.11
1045.1,120
1045.6,117.19
1046.1,119.05
1046.6,120
1047.1,118.11
1047.6,119.05
1048.1,120
1048.6,119.05
1049.1,119.05
1049.6,118.11
1050.2,119.05
1050.7,119.05
1051.2,118.11
1051.7,119.05
1052.2,118.11
1052.7,118.11
1053.2,118.11
1053.7,119.05
1054.2,118.11
1054.7,118.11
1055.2,120
1055.7,118.11
1056.2,119.05
1056.7,119.05
1057.2,120
1057.7,120
1058.2,119.05
1058.7,120
1059.2,120.97
1059.7,119.05
1060.2,120.97
1060.7,120.97
1061.2,120
1061.7,120.97
1062.2,121.95
1062.7,120.97
1063.2,120
1063.7,121.95
1064.2,120
1064.7,120.97
1065.2,120.97
1065.7,120
1066.2,120.97
1066.7,120.97
1067.2,120.97
1067.7,120
1068.1,120.97
1068.6,120.97
1069.1,120.97
1069.6,120
1070.1,120
1070.6,120.97
1071.1,121.95
1071.6,120.97
1072.1,120
1072.6,121.95
1073.1,122.95
1073.6,120.97
1074.1,122.95
1074.6,122.95
1075,123.97
1075.5,122.95
1076,123.97
1076.5,126.05
1077,126.05
1077.4,126.05
1077.9,123.97
1078.4,125
1078.9,125
1079.4,125
1079.8,123.97
1080.3,125
1080.8,123.97
1081.3,123.97
1081.8,123.97
1082.3,123.97
1082.7,122.95
1083.2,123.97
1083.7,123.97
1084.2,123.97
1084.7,123.97
1085.2,123.97
1085.6,122.95
1086.1,123.97
1086.6,123.97
1087.1,123.97
1087.6,125
1088.1,122.95
1088.5,125
1089,123.97
1089.5,125
1090,123.97
1090.5,125
1090.9,125
1091.4,123.97
1091.9,125
1092.4,125
1092.9,125
1093.3,125
1093.8,123.97
1094.3,123.97
1094.8,125
1095.3,126.05
1095.7,123.97
1096.2,125
1096.7,125
1097.2,125
1097.7,123.97
1098.1,125
1098.6,123.97
1099.1,122.95
1099.6,125
1100.1,123.97
1100.6,123.97
1101.1,122.95
1101.5,123.97
1102,123.97
1102.5,122.95
1103,123.97
1103.5,122.95
1104,122.95
1104.4,123.97
1104.9,123.97
1105.4,122.95
1105.9,123.97
1106.4,122.95
1106.9,122.95
1107.4,123.97
1107.8,122.95
1108.3,122.95
1108.8,122.95
1109.3,125
1109.8,125
1110.3,123.97
1110.7,125
1111.2,125
1111.7,123.97
1112.2,126.05
1112.7,125
1113.1,125
1113.6,125
1114.1,126.05
1114.6,126.05
1115,127.12
1115.5,126.05
1116,127.12
1116.5,126.05
1116.9,127.12
1117.4,128.21
1117.9,128.21
1118.3,127.12
1118.8,128.21
1119.3,128.21
1119.7,128.21
1120.2,128.21
1120.7,128.21
1121.1,128.21
1121.6,129.31
1122.1,128.21
1122.5,128.21
1123,128.21
1123.5,128.21
1123.9,128.21
1124.4,128.21
1124.9,127.12
1125.3,127.12
1125.8,127.12
1126.3,129.31
1126.7,128.21
1127.2,126.05
1127.7,127.12
1128.2,129.31
1128.6,127.12
1129.1,128.21
1129.6,126.05
1130,128.21
1130.5,127.12
1131,127.12
1131.5,125
1131.9,126.05
1132.4,127.12
1132.9,127.12
1133.4,126.05
1133.8,126.05
1134.3,126.05
1134.8,127.12
1135.2,126.05
1135.7,126.05
1136.2,126.05
1136.7,128.21
1137.1,127.12
1137.6,126.05
1138.1,127.12
1138.6,127.12
1139,127.12
1139.5,126.05
1140,127.12
1140.4,127.12
1140.9,128.21
1141.4,126.05
1141.9,128.21
1142.3,128.21
1142.8,126.05
1143.3,127.12
1143.7,128.21
1144.2,126.05
1144.7,127.12
1145.2,127.12
1145.6,127.12
1146.1,127.12
1146.6,126.05
1147,128.21
1147.5,127.12
1148,126.05
1148.5,126.05
1148.9,127.12
1149.4,125
1149.9,127.12
1150.4,126.05
1150.8,126.05
1151.3,125
1151.8,125
1152.3,126.05
1152.7,126.05
1153.2,125
1153.7,123.97
1154.2,126.05
1154.7,123.97
1155.1,125
1155.6,125
1156.1,123.97
1156.6,125
1157.1,123.97
1157.5,125
1158,125
1158.5,123.97
1159,123.97
1159.5,123.97
1160,125
1160.4,123.97
1160.9,125
1161.4,125
1161.9,125
1162.4,125
1162.8,125
1163.3,123.97
1163.8,125
1164.3,125
1164.8,125
1165.2,122.95
1165.7,125
1166.2,126.05
1166.7,125
1167.2,122.95
1167.6,126.05
1168.1,127.12
1168.6,125
1169.1,125
1169.5,125
1170,123.97
1170.5,123.97
1171,123.97
1171.5,125
1172,125
1172.4,123.97
1172.9,125
1173.4,122.95
1173.9,125
1174.4,125
1174.8,123.97
1175.3,125
1175.8,125
1176.3,123.97
1176.8,125
1177.2,125
1177.7,125
1178.2,125
1178.7,125
1179.2,125
1179.6,125
1180.1,125
1180.6,125
1181.1,126.05
1181.5,125
1182,125
1182.5,126.05
1183,125
1183.5,125
1183.9,126.05
1184.4,126.05
1184.9,126.05
1185.4,125
1185.8,127.12
1186.3,126.05
1186.8,127.12
1187.3,125
1187.7,128.21
1188.2,126.05
1188.7,126.05
1189.2,126.05
1189.6,127.12
1190.1,126.05
1190.6,126.05
1191.1,125
1191.5,126.05
1192,126.05
1192.5,125
1193,126.05
1193.4,125
1193.9,127.12
1194.4,126.05
1194.9,125
1195.3,127.12
1195.8,126.05
1196.3,126.05
1196.8,126.05
1197.2,126.05
1197.7,126.05
1198.2,127.12
1198.7,127.12
1199.1,126.05
1199.6,127.12
1200.1,126.05
1200.5,128.21
1201,125
1201.5,127.12
1202,128.21
1202.4,127.12
1202.9,128.21
1203.4,126.05
1203.8,128.21
1204.3,128.21
1204.8,127.12
1205.3,127.12
1205.7,128.21
1206.2,129.31
1206.7,128.21
1207.1,128.21
1207.6,128.21
1208.1,128.21
1208.5,129.31
1209,129.31
1209.4,129.31
1209.9,128.21
1210.4,129.31
1210.8,130.43
1211.3,129.31
1211.8,129.31
1212.2,129.31
1212.7,130.43
1213.1,129.31
1213.6,129.31
1214.1,130.43
1214.5,130.43
1215,130.43
1215.4,130.43
1215.9,131.58
1216.4,130.43
1216.8,131.58
1217.3,130.43
1217.7,131.58
1218.2,130.43
1218.6,130.43
1219.1,131.58
1219.6,131.58
1220,132.74
1220.5,130.43
1220.9,132.74
1221.4,132.74
1221.8,132.74
1222.3,132.74
1222.7,132.74
1223.2,132.74
1223.6,133.93
1224.1,132.74
1224.5,132.74
1225,133.93
1225.4,132.74
1225.9,133.93
1226.3,133.93
1226.8,133.93
1227.2,132.74
1227.7,133.93
1228.1,133.93
1228.6,133.93
1229,133.93
1229.5,132.74
1229.9,132.74
1230.4,133.93
1230.8,132.74
1231.3,133.93
1231.7,131.58
1232.2,130.43
1232.6,130.43
1233.1,131.58
1233.5,131.58
1234,130.43
1234.5,130.43
1234.9,131.58
1235.4,130.43
1235.8,130.43
1236.3,130.43
1236.7,130.43
1237.2,130.43
1237.7,130.43
1238.1,130.43
1238.6,130.43
1239,130.43
1239.5,130.43
1240,130.43
1240.4,129.31
1240.9,129.31
1241.4,129.31
1241.8,129.31
1242.3,130.43
1242.7,129.31
1243.2,129.31
1243.7,129.31
1244.1,129.31
1244.6,129.31
1245.1,129.31
1245.5,129.31
1246,130.43
1246.4,130.43
1246.9,129.31
1247.4,130.43
1247.8,129.31
1248.3,129.31
1248.7,129.31
1249.2,131.58
1249.7,128.21
1250.1,129.31
1250.6,129.31
1251.1,130.43
1251.5,129.31
1252,129.31
1252.4,128.21
1252.9,129.31
1253.4,128.21
1253.8,128.21
1254.3,129.31
1254.8,128.21
1255.2,128.21
1255.7,127.12
1256.2,128.21
1256.6,129.31
1257.1,127.12
1257.6,128.21
1258.1,126.05
1258.5,128.21
1259,127.12
1259.5,127.12
1259.9,127.12
1260.4,126.05
1260.9,127.12
1261.4,125
1261.8,126.05
1262.3,125
1262.8,126.05
1263.3,126.05
1263.8,123.97
1264.2,125
1264.7,123.97
1265.2,125
1265.7,123.97
1266.2,125
1266.6,123.97
1267.1,122.95
1267.6,123.97
1268.1,123.97
1268.6,123.97
1269.1,122.95
1269.5,123.97
1270,123.97
1270.5,122.95
1271,123.97
1271.5,123.97
1272,123.97
1272.5,122.95
1272.9,123.97
1273.4,123.97
1273.9,122.95
1274.4,122.95
1274.9,123.97
1275.4,122.95
1275.9,122.95
1276.3,122.95
1276.8,123.97
1277.3,122.95
1277.8,121.95
1278.3,122.95
1278.8,121.95
1279.3,121.95
1279.8,121.95
1280.3,122.95
1280.7,120.97
1281.2,120.97
1281.7,121.95
1282.2,122.95
1282.7,120.97
1283.2,120.97
1283.7,121.95
1284.2,120.97
1284.7,120.97
1285.2,120.97
1285.7,120.97
1286.2,120.97
1286.7,120
1287.2,120
1287.7,120.97
1288.2,120
1288.7,120
1289.2,120.97
1289.7,120
1290.2,120
1290.7,120.97
1291.2,120.97
1291.6,120.97
1292.1,120.97
1292.6,121.95
1293.1,120.97
1293.6,121.95
1294.1,121.95
1294.6,121.95
1295.1,121.95
1295.6,121.95
1296.1,121.95
1296.6,121.95
1297.1,121.95
1297.5,121.95
1298,122.95
1298.5,121.95
1299,121.95
1299.5,122.95
1300,121.95
1300.5,121.95
1301,122.95
1301.5,121.95
1302,122.95
1302.4,123.97
1302.9,121.95
1303.4,122.95
1303.9,122.95
1304.4,122.95
1304.9,121.95
1305.4,122.95
1305.9,123.97
1306.3,122.95
1306.8,123.97
1307.3,122.95
1307.8,123.97
1308.3,122.95
1308.8,125
1309.2,122.95
1309.7,123.97
1310.2,123.97
1310.7,125
1311.2,123.97
1311.7,125
1312.1,125
1312.6,125
1313.1,125
1313.6,126.05
1314,126.05
1314.5,125
1315,126.05
1315.5,126.05
1315.9,127.12
1316.4,126.05
1316.9,127.12
1317.4,127.12
1317.8,127.12
1318.3,126.05
1318.8,127.12
1319.2,127.12
1319.7,128.21
1320.2,127.12
1320.7,128.21
1321.1,128.21
1321.6,129.31
1322.1,128.21
1322.5,127.12
1323,128.21
1323.5,127.12
1323.9,127.12
1324.4,126.05
1324.9,128.21
1325.3,126.05
1325.8,127.12
1326.3,126.05
1326.8,127.12
1327.2,127.12
1327.7,126.05
1328.2,126.05
1328.7,127.12
1329.1,126.05
1329.6,126.05
1330.1,126.05
1330.6,128.21
1331,125
1331.5,126.05
1332,128.21
1332.4,126.05
1332.9,126.05
1333.4,125
1333.9,126.05
1334.4,126.05
1334.8,126.05
1335.3,125
1335.8,127.12
1336.3,125
1336.7,125
1337.2,125
1337.7,127.12
1338.2,125
1338.6,125
1339.1,125
1339.6,126.05
1340.1,125
1340.6,126.05
1341,126.05
1341.5,126.05
1342,126.05
1342.5,126.05
1342.9,126.05
1343.4,126.05
1343.9,126.05
1344.4,126.05
1344.8,126.05
1345.3,126.05
1345.8,125
1346.3,126.05
1346.7,126.05
1347.2,126.05
1347.7,123.97
1348.2,125
1348.7,125
1349.1,126.05
1349.6,125
1350.1,123.97
1350.6,125
1351.1,123.97
1351.5,123.97
1352,123.97
1352.5,123.97
1353,123.97
1353.5,122.95
1354,121.95
1354.5,122.95
1354.9,122.95
1355.4,122.95
1355.9,121.95
1356.4,122.95
1356.9,122.95
1357.4,120.97
1357.9,123.97
1358.4,122.95
1358.8,121.95
1359.3,121.95
1359.8,121.95
1360.3,120
1360.8,120
1361.3,119.05
1361.8,120
1362.3,119.05
1362.8,119.05
1363.3,118.11
1363.8,119.05
1364.3,119.05
1364.9,118.11
1365.4,117.19
1365.9,119.05
1366.4,119.05
1366.9,117.19
1367.4,119.05
1367.9,117.19
1368.4,117.19
1368.9,117.19
1369.4,117.19
1369.9,118.11
1370.5,117.19
1371,116.28
1371.5,118.11
1372,117.19
1372.5,114.5
1373,118.11
1373.5,116.28
1374,115.38
1374.6,115.38
1375.1,114.5
1375.6,116.28
1376.1,116.28
1376.6,114.5
1377.2,116.28
1377.7,115.38
1378.2,114.5
1378.7,115.38
1379.2,115.38
1379.8,115.38
1380.3,114.5
1380.8,113.64
1381.3,115.38
1381.9,114.5
1382.4,112.78
1382.9,114.5
1383.4,113.64
1384,113.64
1384.5,112.78
1385,113.64
1385.5,113.64
1386.1,112.78
1386.6,113.64
1387.1,113.64
1387.7,113.64
1388.2,113.64
1388.7,112.78
1389.2,113.64
1389.8,113.64
1390.3,112.78
1390.8,113.64
1391.4,113.64
1391.9,112.78
1392.4,112.78
1392.9,112.78
1393.5,113.64
1394,111.11
1394.5,112.78
1395.1,114.5
1395.6,112.78
1396.1,112.78
1396.7,113.64
1397.2,115.38
1397.7,113.64
1398.2,111.94
1398.8,115.38
1399.3,112.78
1399.8,112.78
1400.3,113.64
1400.9,114.5
1401.4,113.64
1401.9,114.5
1402.4,114.5
1403,114.5
1403.5,114.5
1404,115.38
1404.5,115.38
1405,115.38
1405.6,115.38
1406.1,114.5
1406.6,116.28
1407.1,115.38
1407.6,114.5
1408.2,116.28
1408.7,115.38
1409.2,115.38
1409.7,116.28
1410.2,116.28
1410.7,116.28
1411.3,115.38
1411.8,116.28
1412.3,116.28
1412.8,116.28
1413.3,116.28
1413.8,117.19
1414.4,116.28
1414.9,116.28
1415.4,118.11
1415.9,117.19
1416.4,117.19
1416.9,116.28
1417.4,116.28
1417.9,118.11
1418.4,118.11
1419,117.19
1419.5,119.05
1420,119.05
1420.5,117.19
1421,119.05
1421.5,120
1422,119.05
1422.5,120
1423,119.05
1423.5,118.11
1424,118.11
1424.5,119.05
1425,117.19
1425.5,118.11
1426,119.05
1426.5,118.11
1427,118.11
1427.5,120
1428,118.11
1428.5,119.05
1429,119.05
1429.5,119.05
1430,119.05
1430.5,120
1431.1,118.11
1431.6,120
1432.1,120
1432.6,119.05
1433.1,119.05
1433.6,119.05
1434.1,119.05
1434.6,119.05
1435.1,120.97
1435.6,117.19
1436.1,120
1436.6,119.05
1437.1,118.11
1437.6,116.28
1438.1,116.28
1438.6,117.19
1439.1,116.28
1439.7,115.38
1440.2,116.28
1440.7,117.19
1441.2,117.19
1441.7,117.19
1442.2,117.19
1442.7,118.11
1443.2,118.11
1443.7,118.11
1444.2,118.11
1444.8,118.11
1445.3,119.05
1445.8,118.11
1446.3,118.11
1446.8,119.05
1447.3,119.05
1447.8,119.05
1448.3,120
1448.8,120
1449.3,119.05
1449.8,120
1450.3,120
1450.8,120
1451.3,120.97
1451.8,121.95
1452.3,120.97
1452.8,120
1453.2,122.95
1453.7,120.97
1454.2,120.97
1454.7,122.95
1455.2,121.95
1455.7,120.97
1456.2,122.95
1456.7,121.95
1457.2,122.95
1457.7,120.97
1458.2,122.95
1458.6,121.95
1459.1,121.95
1459.6,121.95
1460.1,122.95
1460.6,121.95
1461.1,120.97
1461.6,121.95
1462.1,121.95
1462.6,122.95
1463.1,120
1463.6,123.97
1464,121.95
1464.5,121.95
1465,120.97
1465.5,121.95
1466,122.95
1466.5,120.97
1467,120
1467.5,120.97
1468,120.97
1468.5,120
1469,120
1469.5,120
1470,120.97
1470.5,120
1471,120
1471.5,120
1472,120.97
1472.5,120
1473,120
1473.5,120.97
1474,120.97
1474.5,120
1475,120.97
1475.5,120.97
1476,120.97
1476.4,121.95
1476.9,120.97
1477.4,120
1477.9,121.95
1478.4,120.97
1478.9,121.95
1479.4,121.95
1479.9,121.95
1480.4,120.97
1480.9,121.95
1481.4,122.95
1481.9,120.97
1482.4,121.95
1482.8,121.95
1483.3,121.95
1483.8,122.95
1484.3,121.95
1484.8,121.95
1485.3,120
1485.8,122.95
1486.3,122.95
1486.8,122.95
1487.3,121.95
1487.7,122.95
1488.2,122.95
1488.7,122.95
1489.2,121.95
1489.7,125
1490.2,123.97
1490.7,123.97
1491.1,122.95
1491.6,121.95
1492.1,122.95
1492.6,121.95
1493.1,122.95
1493.6,122.95
1494.1,122.95
1494.6,122.95
1495,122.95
1495.5,121.95
1496,122.95
1496.5,122.95
1497,123.97
1497.5,121.95
1498,123.97
1498.5,123.97
1498.9,122.95
1499.4,123.97
1499.9,125
1500.4,123.97
1500.9,123.97
1501.4,123.97
1501.8,123.97
1502.3,123.97
1502.8,122.95
1503.3,125
1503.8,123.97
1504.3,122.95
1504.7,123.97
1505.2,123.97
1505.7,123.97
1506.2,123.97
1506.7,125
1507.2,123.97
1507.6,123.97
1508.1,123.97
1508.6,125
1509.1,123.97
1509.6,123.97
1510,125
1510.5,125
1511,123.97
1511.5,125
1512,126.05
1512.4,123.97
1512.9,123.97
1513.4,125
1513.9,125
1514.4,126.05
1514.8,122.95
1515.3,126.05
1515.8,123.97
1516.3,125
1516.8,125
1517.2,125
1517.7,125
1518.2,123.97
1518.7,125
1519.2,123.97
1519.6,123.97
1520.1,123.97
1520.6,126.05
1521.1,123.97
1521.6,123.97
1522.1,125
1522.5,125
1523,125
1523.5,123.97
1524,125
1524.5,123.97
1524.9,125
1525.4,125
1525.9,125
1526.4,123.97
1526.9,123.97
1527.3,125
1527.8,125
1528.3,123.97
1528.8,125
1529.3,123.97
1529.7,123.97
1530.2,123.97
1530.7,125
1531.2,125
1531.7,123.97
1532.2,123.97
1532.6,126.05
1533.1,123.97
1533.6,123.97
1534.1,125
1534.6,123.97
1535,123.97
1535.5,125
1536,123.97
1536.5,123.97
1537,123.97
1537.4,125
1537.9,123.97
1538.4,123.97
1538.9,123.97
1539.4,122.95
1539.9,123.97
1540.3,123.97
1540.8,123.97
1541.3,122.95
1541.8,123.97
1542.3,122.95
1542.8,122.95
1543.3,123.97
1543.8,121.95
1544.2,123.97
1544.7,123.97
1545.2,122.95
1545.7,122.95
1546.2,122.95
1546.7,122.95
1547.2,121.95
1547.6,123.97
1548.1,123.97
1548.6,122.95
1549.1,121.95
1549.6,123.97
1550.1,123.97
1550.6,121.95
1551,122.95
1551.5,122.95
1552,122.95
1552.5,121.95
1553,122.95
1553.5,122.95
1554,121.95
1554.5,122.95
1554.9,122.95
1555.4,121.95
1555.9,123.97
1556.4,121.95
1556.9,121.95
1557.4,120.97
1557.9,121.95
1558.4,121.95
1558.9,120.97
1559.4,120.97
1559.9,121.95
1560.4,120.97
1560.9,120.97
1561.3,121.95
1561.8,120
1562.3,121.95
1562.8,121.95
1563.3,121.95
1563.8,120
1564.3,122.95
1564.8,121.95
1565.3,121.95
1565.8,121.95
1566.3,120
1566.8,120.97
1567.3,120
1567.8,120
1568.3,119.05
1568.8,120
1569.3,120
1569.8,119.05
1570.3,119.05
1570.8,120
1571.3,120
1571.8,118.11
1572.3,119.05
1572.8,120
1573.3,119.05
1573.8,119.05
1574.3,120
1574.8,120
1575.3,119.05
1575.8,119.05
1576.3,117.19
1576.8,120
1577.3,119.05
1577.8,118.11
1578.3,120
1578.8,119.05
1579.3,118.11
1579.8,119.05
1580.3,120
1580.8,119.05
1581.3,118.11
1581.8,119.05
1582.3,119.05
1582.8,118.11
1583.4,119.05
1583.9,118.11
1584.4,119.05
1584.9,118.11
1585.4,118.11
1585.9,117.19
1586.4,118.11
1586.9,117.19
1587.4,117.19
1587.9,117.19
1588.4,118.11
1588.9,117.19
1589.5,118.11
1590,116.28
1590.5,117.19
1591,119.05
1591.5,117.19
1592,116.28
1592.5,118.11
1593,118.11
1593.5,117.19
1594,118.11
1594.6,116.28
1595.1,117.19
1595.6,117.19
1596.1,116.28
1596.6,117.19
1597.1,118.11
1597.6,115.38
1598.1,116.28
1598.7,117.19
1599.2,116.28
1599.7,116.28
1600.2,117.19
1600.7,116.28
1601.2,116.28
1601.7,117.19
1602.2,116.28
1602.8,117.19
1603.3,116.28
1603.8,117.19
1604.3,116.28
1604.8,116.28
1605.3,117.19
1605.8,116.28
1606.4,115.38
1606.9,117.19
1607.4,116.28
1607.9,117.19
1608.4,116.28
1608.9,117.19
1609.4,116.28
1610,116.28
1610.5,116.28
1611,117.19
1611.5,116.28
1612,116.28
1612.5,117.19
1613,117.19
1613.5,116.28
1614.1,117.19
1614.6,117.19
1615.1,116.28
1615.6,117.19
1616.1,117.19
1616.6,116.28
1617.1,116.28
1617.6,117.19
1618.2,115.38
1618.7,117.19
1619.2,116.28
1619.7,115.38
1620.2,116.28
1620.7,115.38
1621.3,116.28
1621.8,115.38
1622.3,116.28
1622.8,116.28
1623.3,115.38
1623.8,117.19
1624.3,117.19
1624.9,115.38
1625.4,118.11
1625.9,117.19
1626.4,118.11
1626.9,118.11
1627.4,118.11
1627.9,119.05
1628.4,118.11
1628.9,119.05
1629.4,119.05
1629.9,119.05
1630.4,119.05
1630.9,119.05
1631.4,120
1631.9,118.11
1632.4,120
1632.9,120
1633.4,120
1633.9,120
1634.4,120.97
1634.9,120
1635.4,120
1635.9,119.05
1636.4,120
1636.9,119.05
1637.4,120
1637.9,118.11
1638.4,119.05
1638.9,119.05
1639.4,119.05
1640,118.11
1640.5,120
1641,119.05
1641.5,118.11
1642,120
1642.5,119.05
1643,118.11
1643.5,120
1644,119.05
1644.5,119.05
1645,119.05
1645.5,119.05
1646,119.05
1646.5,120
1647,119.05
1647.5,120
1648,120
1648.5,120
1649,120
1649.5,119.05
1650,120.97
1650.5,119.05
1651,120.97
1651.5,120.97
1652,119.05
1652.5,120.97
1653,120.97
1653.5,120.97
1654,120
1654.5,120.97
1655,120.97
1655.5,120
1655.9,120.97
1656.4,120.97
1656.9,120
1657.4,120
1657.9,121.95
1658.4,120.97
1658.9,120
1659.4,120.97
1659.9,120.97
1660.4,120
1660.9,120
1661.4,121.95
1661.9,120
1662.4,120
1662.9,120.97
1663.4,120.97
1663.9,120
1664.4,120.97
1664.9,120.97
1665.4,120.97
1665.9,120
1666.4,120.97
1666.9,120.97
1667.4,120.97
1667.9,120.97
1668.3,120.97
1668.8,121.95
1669.3,119.05
1669.8,121.95
1670.3,120.97
1670.8,120.97
1671.3,120.97
1671.8,121.95
1672.3,120.97
1672.8,122.95
1673.3,120.97
1673.8,121.95
1674.3,122.95
1674.8,120
1675.3,121.95
1675.7,121.95
1676.2,121.95
1676.7,122.95
1677.2,121.95
1677.7,122.95
1678.2,122.95
1678.7,122.95
1679.2,122.95
1679.6,123.97
1680.1,121.95
1680.6,123.97
1681.1,123.97
1681.6,123.97
1682.1,121.95
1682.6,121.95
1683.1,122.95
1683.5,122.95
1684,120
1684.5,122.95
1685,120.97
1685.5,120.97
1686,120.97
1686.5,122.95
1687,120.97
1687.5,121.95
1688,121.95
1688.5,121.95
1689,121.95
1689.5,120.97
1689.9,120.97
1690.4,121.95
1690.9,120.97
1691.4,120.97
1691.9,121.95
1692.4,121.95
1692.9,120.97
1693.4,121.95
1693.9,121.95
1694.4,120.97
1694.9,121.95
1695.4,121.95
1695.9,120.97
1696.4,120.97
1696.9,120.97
1697.3,121.95
1697.8,119.05
1698.3,120.97
1698.8,121.95
1699.3,120.97
1699.8,120
1700.3,120.97
1700.8,120.97
1701.3,119.05
1701.8,119.05
1702.3,120.97
1702.8,120
1703.3,119.05
1703.8,120
1704.3,120
1704.8,120
1705.3,119.05
1705.8,120
1706.3,120
1706.8,119.05
1707.3,119.05
1707.8,119.05
1708.3,120
1708.8,119.05
1709.3,119.05
1709.8,120
1710.3,119.05
1710.8,119.05
1711.3,119.05
1711.8,120
1712.3,120
1712.8,119.05
1713.3,120
1713.8,120
1714.3,120
1714.8,118.11
1715.3,120
1715.8,120
1716.3,120
1716.8,119.05
1717.3,119.05
1717.8,120
1718.3,120
1718.8,120
1719.4,118.11
1719.9,119.05
1720.4,120
1720.9,118.11
1721.4,117.19
1721.9,120
1722.4,119.05
1722.9,118.11
1723.4,119.05
1723.9,118.11
1724.4,119.05
1724.9,118.11
1725.4,119.05
1725.9,119.05
1726.4,118.11
1726.9,119.05
1727.4,119.05
1727.9,118.11
1728.4,119.05
1728.9,119.05
1729.4,119.05
1729.9,118.11
1730.4,120
1730.9,119.05
1731.5,118.11
1731.9,120
1732.5,118.11
1733,118.11
1733.5,118.11
1734,120
1734.5,117.19
1735,119.05
1735.5,118.11
1736,119.05
1736.5,118.11
1737,117.19
1737.5,119.05
1738,118.11
1738.5,118.11
1739,118.11
1739.5,118.11
1740,119.05
1740.6,118.11
1741.1,119.05
1741.6,120
1742.1,119.05
1742.6,119.05
1743.1,119.05
1743.6,119.05
1744.1,120
1744.6,120
1745.1,120
1745.6,120
1746.1,120
1746.6,120
1747.1,120
1747.6,120.97
1748,120.97
1748.5,120
1749,120
1749.5,120
1750,121.95
1750.5,121.95
1751,120
1751.5,121.95
1752,120.97
1752.5,121.95
1753,121.95
1753.5,121.95
1754,121.95
1754.5,121.95
1755,121.95
1755.4,123.97
1755.9,121.95
1756.4,122.95
1756.9,121.95
1757.4,123.97
1757.9,122.95
1758.4,122.95
1758.9,122.95
1759.3,123.97
1759.8,121.95
1760.3,123.97
1760.8,121.95
1761.3,123.97
1761.8,122.95
1762.3,122.95
1762.7,122.95
1763.2,123.97
1763.7,123.97
1764.2,122.95
1764.7,122.95
1765.2,123.97
1765.7,123.97
1766.1,122.95
1766.6,122.95
1767.1,125
1767.6,122.95
1768.1,123.97
1768.6,123.97
1769,123.97
1769.5,123.97
1770,125
1770.5,122.95
1771,125
1771.5,123.97
1771.9,123.97
1772.4,123.97
1772.9,125
1773.4,122.95
1773.9,125
1774.4,123.97
1774.8,123.97
1775.3,125
1775.8,123.97
1776.3,125
1776.8,123.97
1777.2,125
1777.7,125
1778.2,123.97
1778.7,125
1779.2,125
1779.6,125
1780.1,123.97
1780.6,125
1781.1,125
1781.6,123.97
1782,126.05
1782.5,125
1783,125
1783.5,125
1784,125
1784.4,126.05
1784.9,123.97
1785.4,125
1785.9,126.05
1786.3,123.97
1786.8,126.05
1787.3,125
1787.8,125
1788.3,125
1788.7,123.97
1789.2,126.05
1789.7,125
1790.2,125
1790.7,125
1791.1,125
1791.6,123.97
1792.1,125
1792.6,126.05
1793.1,125
1793.5,125
1794,125
1794.5,126.05
1795,126.05
1795.4,125
1795.9,126.05
1796.4,125
1796.9,125
1797.4,123.97
1797.8,126.05
1798.3,125
1798.8,123.97
1799.3,125
1799.7,126.05
1800.2,125
1800.7,123.97
1801.2,127.12
1801.7,125
1802.1,126.05
1802.6,125
1803.1,126.05
1803.6,126.05
1804,125
1804.5,126.05
1805,126.05
1805.5,126.05
1805.9,126.05
1806.4,127.12
1806.9,126.05
1807.4,127.12
1807.8,126.05
1808.3,126.05
1808.8,126.05
1809.3,126.05
1809.7,127.12
1810.2,126.05
1810.7,127.12
1811.2,125
1811.6,128.21
1812.1,126.05
1812.6,127.12
1813,126.05
1813.5,127.12
1814,126.05
1814.5,127.12
1814.9,127.12
1815.4,127.12
1815.9,127.12
1816.3,126.05
1816.8,127.12
1817.3,127.12
1817.8,126.05
1818.2,127.12
1818.7,128.21
1819.2,127.12
1819.6,127.12
1820.1,126.05
1820.6,127.12
1821.1,127.12
1821.5,126.05
1822,128.21
1822.5,126.05
1823,127.12
1823.4,126.05
1823.9,127.12
1824.4,127.12
1824.8,126.05
1825.3,126.05
1825.8,126.05
1826.3,126.05
1826.8,123.97
1827.2,126.05
1827.7,127.12
1828.2,127.12
1828.6,126.05
1829.1,125
1829.6,125
1830.1,125
1830.6,123.97
1831,123.97
1831.5,123.97
1832,123.97
1832.5,123.97
1833,123.97
1833.5,125
1833.9,123.97
1834.4,122.95
1834.9,123.97
1835.4,123.97
1835.9,123.97
1836.4,122.95
1836.8,123.97
1837.3,121.95
1837.8,121.95
1838.3,121.95
1838.8,121.95
1839.3,120.97
1839.8,121.95
1840.3,120.97
1840.8,120.97
1841.3,120.97
1841.8,117.19
1842.3,120
1842.8,121.95
1843.3,120
1843.8,120
1844.3,120.97
1844.8,121.95
1845.3,121.95
1845.8,121.95
1846.2,120.97
1846.7,121.95
1847.2,121.95
1847.7,121.95
1848.2,120.97
1848.7,121.95
1849.2,120.97
1849.7,120.97
1850.2,120.97
1850.7,121.95
1851.2,120.97
1851.7,122.95
1852.2,120.97
1852.6,122.95
1853.1,121.95
1853.6,122.95
1854.1,121.95
1854.6,121.95
1855.1,123.97
1855.6,122.95
1856.1,121.95
1856.6,122.95
1857,122.95
1857.5,121.95
1858,122.95
1858.5,121.95
1859,122.95
1859.5,120.97
1860,122.95
1860.5,121.95
1861,121.95
1861.5,121.95
1861.9,121.95
1862.4,120.97
1862.9,121.95
1863.4,121.95
1863.9,121.95
1864.4,120.97
1864.9,122.95
1865.4,120.97
1865.9,120.97
1866.4,121.95
1866.9,122.95
1867.4,120.97
1867.9,121.95
1868.3,122.95
1868.8,120.97
1869.3,121.95
1869.8,122.95
1870.3,121.95
1870.8,121.95
1871.3,121.95
1871.8,121.95
1872.3,122.95
1872.7,122.95
1873.2,122.95
1873.7,122.95
1874.2,123.97
1874.7,122.95
1875.2,122.95
1875.7,123.97
1876.2,122.95
1876.6,123.97
1877.1,123.97
1877.6,123.97
1878.1,123.97
1878.6,123.97
1879,125
1879.5,125
1880,125
1880.5,125
1881,123.97
1881.4,125
1881.9,125
1882.4,125
1882.9,126.05
1883.4,125
1883.8,126.05
1884.3,126.05
1884.8,126.05
1885.3,125
1885.7,126.05
1886.2,127.12
1886.7,125
1887.2,126.05
1887.6,126.05
1888.1,126.05
1888.6,125
1889.1,126.05
1889.5,126.05
1890,125
1890.5,125
1891,125
1891.5,125
1891.9,125
1892.4,125
1892.9,125
1893.4,123.97
1893.9,123.97
1894.3,123.97
1894.8,123.97
1895.3,125
1895.8,125
1896.3,125
1896.7,123.97
1897.2,123.97
1897.7,123.97
1898.2,123.97
1898.7,123.97
1899.2,123.97
1899.6,123.97
1900.1,123.97
1900.6,123.97
1901.1,122.95
1901.6,123.97
1902.1,123.97
1902.6,122.95
1903,122.95
1903.5,123.97
1904,123.97
1904.5,123.97
1905,122.95
1905.5,122.95
1905.9,122.95
1906.4,122.95
1906.9,122.95
1907.4,122.95
1907.9,123.97
1908.4,121.95
1908.9,122.95
1909.4,122.95
1909.8,122.95
1910.3,122.95
1910.8,122.95
1911.3,122.95
1911.8,122.95
1912.3,122.95
1912.8,123.97
1913.2,123.97
1913.7,122.95
1914.2,122.95
1914.7,122.95
1915.2,123.97
1915.7,122.95
1916.2,123.97
1916.6,123.97
1917.1,123.97
1917.6,122.95
1918.1,123.97
1918.6,123.97
1919.1,122.95
1919.6,123.97
1920,123.97
1920.5,122.95
1921,123.97
1921.5,123.97
1922,123.97
1922.5,123.97
1922.9,123.97
1923.4,123.97
1923.9,122.95
1924.4,123.97
1924.9,125
1925.4,123.97
1925.8,123.97
1926.3,123.97
1926.8,125
1927.3,125
1927.8,123.97
1928.2,125
1928.7,125
1929.2,125
1929.7,123.97
1930.2,125
1930.6,126.05
1931.1,123.97
1931.6,123.97
1932.1,125
1932.6,122.95
1933,125
1933.5,122.95
1934,125
1934.5,123.97
1935,123.97
1935.5,125
1935.9,123.97
1936.4,125
1936.9,123.97
1937.4,125
1937.9,123.97
1938.3,125
1938.8,125
1939.3,125
1939.8,125
1940.3,125
1940.7,125
1941.2,126.05
1941.7,126.05
1942.2,123.97
1942.6,126.05
1943.1,125
1943.6,126.05
1944.1,125
1944.6,125
1945,125
1945.5,125
1946,126.05
1946.5,125
1946.9,125
1947.4,123.97
1947.9,125
1948.4,125
1948.9,123.97
1949.4,125
1949.8,123.97
1950.3,125
1950.8,123.97
1951.3,125
1951.8,123.97
1952.2,123.97
1952.7,125
1953.2,125
1953.7,123.97
1954.2,123.97
1954.6,123.97
1955.1,123.97
1955.6,123.97
1956.1,123.97
1956.6,123.97
1957.1,122.95
1957.6,122.95
1958,122.95
1958.5,123.97
1959,123.97
1959.5,121.95
1960,125
1960.5,122.95
1961,122.95
1961.4,123.97
1961.9,123.97
1962.4,122.95
1962.9,123.97
1963.4,123.97
1963.9,122.95
1964.3,123.97
1964.8,122.95
1965.3,125
1965.8,122.95
1966.3,122.95
1966.8,123.97
1967.2,123.97
1967.7,123.97
1968.2,122.95
1968.7,125
1969.2,122.95
1969.7,123.97
1970.1,123.97
1970.6,123.97
1971.1,121.95
1971.6,123.97
1972.1,121.95
1972.6,122.95
1973.1,123.97
1973.6,120
1974.1,121.95
1974.5,122.95
1975,120.97
1975.5,121.95
1976,121.95
1976.5,120.97
1977,121.95
1977.5,121.95
1978,121.95
1978.5,120.97
1979,122.95
1979.5,121.95
1980,121.95
1980.4,120.97
1980.9,122.95
1981.4,122.95
1981.9,121.95
1982.4,122.95
1982.9,122.95
1983.4,122.95
1983.9,122.95
1984.3,122.95
1984.8,122.95
1985.3,122.95
1985.8,122.95
1986.3,121.95
1986.8,122.95
1987.3,122.95
1987.8,121.95
1988.3,121.95
1988.7,123.97
1989.2,122.95
1989.7,122.95
1990.2,121.95
1990.7,122.95
1991.2,121.95
1991.7,120.97
1992.2,122.95
1992.7,120.97
1993.2,120.97
1993.7,119.05
1994.2,119.05
1994.7,119.05
1995.2,119.05
1995.7,118.11
1996.2,117.19
1996.7,118.11
1997.2,119.05
1997.7,119.05
1998.2,118.11
1998.7,120
1999.2,120
1999.7,119.05
2000.2,120
2000.7,120.97
2001.2,119.05
2001.7,119.05
2002.2,120
2002.7,120
2003.2,120.97
2003.7,119.05
2004.2,120
2004.7,120.97
2005.2,120.97
2005.7,120
2006.2,121.95
2006.7,121.95
2007.2,120.97
2007.7,121.95
2008.2,120
2008.7,120
2009.1,120.97
2009.6,120
2010.1,120
2010.6,120.97
2011.1,120
2011.6,119.05
2012.1,120.97
2012.6,120
2013.1,120
2013.6,120
2014.1,121.95
2014.6,120
2015.1,120
2015.6,120.97
2016.1,120
2016.6,120
2017.1,120
2017.6,120.97
2018.1,119.05
2018.6,120.97
2019.1,120
2019.6,120.97
2020.1,120.97
2020.6,120
2021.1,120.97
2021.6,120.97
2022.1,120
2022.6,119.05
2023.1,120.97
2023.6,120.97
2024.1,120
2024.6,120
2025.1,120.97
2025.6,120.97
2026.1,120
2026.6,120.97
2027.1,120.97
2027.6,120.97
2028,120
2028.5,120
2029,120
2029.5,120.97
2030,120
2030.5,120
2031,121.95
2031.5,120
2032,119.05
2032.5,120
2033,120
2033.5,118.11
2034,120
2034.5,118.11
2035,119.05
2035.5,119.05
2036.1,118.11
2036.6,119.05
2037.1,120
2037.6,119.05
2038.1,118.11
2038.6,120
2039.1,120.97
2039.6,120
2040.1,120
2040.6,120.97
2041.1,120
2041.5,121.95
2042,120
2042.5,120.97
2043,121.95
2043.5,120
2044,120.97
2044.5,120.97
2045,120.97
2045.5,120.97
2046,119.05
2046.5,120
2047,119.05
2047.5,119.05
2048,118.11
2048.5,120
2049,119.05
2049.5,119.05
2050,120.97
2050.5,120
2051,118.11
2051.5,119.05
2052,120
2052.5,119.05
2053,120
2053.5,120
2054,120
2054.5,120
2055,119.05
2055.5,120
2056,119.05
2056.5,120
2057,119.05
2057.5,120
2059,120
2059.5,118.11
2060,119.05
2060.5,119.05
2061,120.97
2061.5,120
2062,120
2065.5,119.05
2066,120.97
2066.5,120.97
2067,119.05
2067.5,120.97
2068,120.97
2068.5,120
2069,120.97
2069.5,121.95
2070,121.95
2070.5,120.97
2071,121.95
2071.5,121.95
2072,121.95
2072.5,121.95
2072.9,122.95
2073.4,121.95
2073.9,120.97
2074.4,120.97
2074.9,121.95
2075.4,120.97
2075.9,122.95
2076.4,120
2076.9,121.95
2077.4,121.95
2077.9,120.97
2078.4,120.97
2078.9,121.95
2079.4,120.97
2079.9,120
2080.3,121.95
2080.8,120.97
2081.3,119.05
2081.8,120
2082.3,121.95
2082.8,120.97
2083.3,121.95
2083.8,119.05
2084.3,120.97
2084.8,120.97
2085.3,120.97
2085.8,121.95
2086.3,120
2086.8,121.95
2087.3,122.95
2087.8,121.95
2088.3,121.95
2088.8,120.97
2089.3,119.05
2089.8,120.97
2090.3,120
2090.8,119.05
2091.3,120
2091.8,120
2092.3,119.05
2092.8,119.05
2093.3,119.05
2093.8,119.05
2094.3,119.05
2094.8,117.19
2095.3,117.19
2095.8,120
2096.3,119.05
2096.8,119.05
2097.3,119.05
2097.8,120
2098.3,118.11
2098.8,119.05
2099.3,120
2099.8,120
2100.3,119.05
2100.8,120
2101.3,119.05
2101.8,120
2102.3,120.97
2102.8,119.05
2103.3,119.05
2103.8,120.97
2104.3,119.05
2104.8,119.05
2105.3,120.97
2105.8,120.97
2106.3,119.05
2106.8,122.95
2107.3,117.19
2107.8,120
2108.3,120.97
2108.8,119.05
2109.3,120.97
2109.8,120.97
2110.3,119.05
2110.8,120.97
2111.3,120.97
2111.8,120
2112.3,119.05
2112.8,121.95
2113.3,120
2113.8,120
2114.3,120
2114.8,120
2115.3,120.97
2115.8,120.97
2116.3,118.11
2116.8,120.97
2117.3,120.97
2117.8,119.05
2118.3,120.97
2118.8,120
2119.2,120.97
2119.7,120.97
2120.2,121.95
2120.7,120
2121.2,120.97
2121.7,121.95
2122.2,120.97
2122.7,120
2123.2,122.95
2123.7,120.97
2124.2,121.95
2124.7,121.95
2125.2,121.95
2125.7,120.97
2126.2,121.95
2126.6,121.95
2127.1,121.95
2127.6,120.97
2128.1,121.95
2128.6,121.95
2129.1,122.95
2129.6,120.97
2130.1,122.95
2130.6,120.97
2131.1,122.95
2131.6,120.97
2132,121.95
2132.5,121.95
2133,121.95
2133.5,120.97
2134,122.95
2134.5,121.95
2135,120.97
2135.5,122.95
2136,121.95
2136.5,120
2137,121.95
2137.4,122.95
2137.9,121.95
2138.4,121.95
2138.9,120.97
2139.4,122.95
2139.9,122.95
2140.4,120.97
2140.9,122.95
2141.4,122.95
2141.9,121.95
2142.4,121.95
2142.8,121.95
2143.3,122.95
2143.8,120.97
2144.3,120.97
2144.8,120
2145.3,121.95
2145.8,120
2146.3,120
2146.8,120
2147.3,120.97
2147.8,120.97
2148.3,120.97
2148.8,118.11
2149.3,120
2149.8,120.97
2150.3,120
2150.8,120
2151.3,120
2151.8,120
2152.3,119.05
2152.8,120.97
2153.3,120
2153.8,119.05
2154.3,120.97
2154.8,120.97
2155.3,118.11
2155.8,120
2156.3,120
2156.8,120
2157.3,120
2157.8,119.05
2158.3,120.97
2158.8,120.97
2159.3,119.05
2159.8,120
2160.3,121.95
2160.8,119.05
2161.3,120
2161.8,121.95
2162.3,120.97
2162.7,120.97
2163.2,120.97
2163.7,121.95
2164.2,120.97
2164.7,121.95
2165.2,119.05
2165.7,121.95
2166.2,121.95
2166.7,120.97
2167.2,120
2167.7,122.95
2168.2,121.95
2168.7,120.97
2169.2,122.95
2169.6,122.95
2170.1,122.95
2170.6,120.97
2171.1,125
2171.6,122.95
2172.1,123.97
2172.6,122.95
2173,123.97
2173.5,123.97
2174,122.95
2174.5,122.95
2175,122.95
2175.5,125
2175.9,123.97
2176.4,123.97
2176.9,123.97
2177.4,123.97
2177.9,125
2178.4,123.97
2178.8,125
2179.3,123.97
2179.8,125
2180.3,125
2180.8,123.97
2181.2,125
2181.7,123.97
2182.2,122.95
2182.7,123.97
2183.2,123.97
2183.7,125
2185.1,123.97
2185.6,125
2186.1,123.97
2186.6,122.95
2187,125
2187.5,123.97
2188,123.97
2188.5,123.97
2189,125
2189.4,125
2189.9,125
2190.4,125
2190.9,125
2191.3,126.05
2191.8,126.05
2192.3,126.05
2192.8,122.95
2193.3,123.97
2193.8,123.97
2194.2,122.95
2194.7,122.95
2195.2,121.95
2195.7,123.97
2196.2,122.95
2196.7,121.95
2197.2,122.95
2197.6,122.95
2198.1,121.95
2198.6,122.95
2199.1,123.97
2199.6,121.95
2200.1,122.95
2200.6,122.95
2201.1,122.95
2201.5,122.95
2202,122.95
2202.5,122.95
2203,122.95
2203.5,122.95
2204,122.95
2204.5,123.97
2205,122.95
2205.4,122.95
2205.9,122.95
2206.4,121.95
2206.9,122.95
2207.4,121.95
2207.9,123.97
2208.4,122.95
2209.8,122.95
2210.3,121.95
2210.8,123.97
2211.3,122.95
2211.8,121.95
2212.3,122.95
2212.8,123.97
2213.2,122.95
2213.7,122.95
2214.2,122.95
2214.7,122.95
2215.2,123.97
2215.7,123.97
2216.2,122.95
2216.6,122.95
2217.1,125
2217.6,123.97
2218.1,123.97
2218.6,123.97
2219,123.97
2219.5,123.97
2220,123.97
2220.5,125
2221,123.97
2221.5,123.97
2221.9,123.97
2222.4,123.97
2222.9,123.97
2223.4,123.97
2223.9,125
2224.4,125
2224.8,125
2225.3,122.95
2225.8,126.05
2226.3,126.05
2226.7,126.05
2227.2,123.97
2227.7,125
2228.2,126.05
2228.7,126.05
2230.1,126.05
2230.6,126.05
2231,126.05
2231.5,126.05
2232,126.05
2232.5,126.05
2232.9,127.12
2233.4,126.05
2233.9,127.12
2234.3,126.05
2234.8,127.12
2235.3,127.12
2235.8,127.12
2236.2,126.05
2236.7,127.12
2237.2,127.12
2237.7,126.05
2238.1,127.12
2238.6,127.12
2239.1,126.05
2239.5,126.05
2240,127.12
2240.5,126.05
2241,127.12
2241.4,126.05
2241.9,127.12
2242.4,127.12
2242.9,126.05
2243.3,127.12
2243.8,127.12
2244.3,126.05
2244.7,126.05
2245.2,127.12
2245.7,126.05
2246.2,127.12
2246.6,126.05
2247.1,127.12
2247.6,125
2248.1,126.05
2248.5,125
2249,127.12
2249.5,125
2250,125
2250.4,126.05
2250.9,126.05
2251.4,126.05
2251.9,125
2252.4,123.97
2252.8,126.05
2253.3,127.12
2253.8,123.97
2254.3,122.95
2255.7,121.95
2256.2,123.97
2256.6,126.05
2257.1,127.12
2257.6,127.12
2258.1,126.05
2258.5,128.21
2259,127.12
2259.5,126.05
2259.9,126.05
2260.4,127.12
2260.9,126.05
2261.4,126.05
2261.8,126.05
2262.3,126.05
2262.8,125
2263.3,125
2263.7,126.05
2264.2,125
2264.7,125
2265.2,126.05
2265.7,125
2266.1,125
2266.6,125
2267.1,125
2267.6,126.05
2268.1,123.97
2268.5,125
2269,126.05
2269.5,126.05
2270,126.05
2270.4,125
2270.9,125
2271.4,126.05
2271.9,126.05
2272.3,123.97
2272.8,126.05
2273.3,126.05
2273.8,126.05
2274.2,126.05
2274.7,126.05
2275.2,126.05
2275.7,127.12
2276.1,127.12
2276.6,126.05
2277.1,128.21
2277.6,125
2278,126.05
2278.5,127.12
2279,127.12
2279.4,127.12
2279.9,126.05
2280.4,127.12
2281.8,127.12
2282.3,127.12
2282.8,126.05
2284.2,127.12
2284.7,125
2285.1,126.05
2285.6,128.21
2286.1,127.12
2286.5,123.97
2287,125
2287.5,128.21
2288,126.05
2288.4,127.12
2288.9,126.05
2289.4,127.12
2289.9,127.12
2290.3,128.21
2290.8,125
2291.3,127.12
2291.7,128.21
2292.2,127.12
2292.7,126.05
2293.2,127.12
2293.6,127.12
2294.1,125
2294.6,127.12
2295.1,126.05
2295.5,126.05
2296,125
2296.5,127.12
2297,126.05
2297.4,126.05
2297.9,125
2298.4,126.05
2298.9,127.12
2299.3,126.05
2299.8,125
2300.3,127.12
2300.8,126.05
2301.2,125
2301.7,127.12
2302.2,126.05
2302.7,126.05
2303.1,126.05
2303.6,126.05
2304.1,126.05
2304.6,126.05
2305,125
2305.5,126.05
2306,125
2306.5,125
2306.9,123.97
2307.4,125
2307.9,123.97
2308.4,122.95
2308.9,125
2309.4,125
2309.8,122.95
2310.3,122.95
2310.8,123.97
2311.3,123.97
2311.8,121.95
2312.3,123.97
2312.8,123.97
2313.2,122.95
2313.7,122.95
2314.2,123.97
2314.7,123.97
2315.2,122.95
2315.7,125
2316.1,122.95
2316.6,123.97
2317.1,122.95
2317.6,126.05
2318.1,122.95
2318.6,122.95
2319,125
2319.5,123.97
2320,122.95
2320.5,123.97
2321,123.97
2321.5,123.97
2321.9,123.97
2322.4,123.97
2322.9,122.95
2323.4,122.95
2323.9,123.97
2324.4,122.95
2324.9,122.95
2325.3,123.97
2325.8,123.97
2326.3,122.95
2326.8,121.95
2327.3,122.95
2327.8,122.95
2328.3,125
2328.7,121.95
2329.2,120.97
2329.7,121.95
2330.2,122.95
2330.7,121.95
2331.2,122.95
2331.7,120.97
2332.2,121.95
2332.7,119.05
2333.2,120
2333.7,120.97
2334.2,118.11
2334.7,119.05
2335.2,120
2335.7,120
2336.2,118.11
2336.7,120
2337.2,119.05
2337.7,118.11
2338.2,118.11
2338.7,119.05
2339.2,119.05
2339.7,117.19
2340.2,118.11
2340.7,117.19
2341.3,115.38
2341.8,116.28
2342.3,116.28
2342.8,115.38
2343.3,113.64
2343.9,113.64
2344.4,115.38
2344.9,114.5
2345.4,111.94
2346,114.5
2346.5,115.38
2347,113.64
2347.5,114.5
2348,115.38
2348.6,115.38
2350.1,116.28
